UniProt,Gene,PDB_file,Chain,K_pos,Window,AA_-2,pLDDT_-2,SS_-2,RSA_-2,Phi_-2,Psi_-2,AA_-1,pLDDT_-1,SS_-1,RSA_-1,Phi_-1,Psi_-1,AA_0,pLDDT_0,SS_0,RSA_0,Phi_0,Psi_0,AA_+1,pLDDT_+1,SS_+1,RSA_+1,Phi_+1,Psi_+1,AA_+2,pLDDT_+2,SS_+2,RSA_+2,Phi_+2,Psi_+2,LSD1_score
O15350,,AF-O15350-F1-model_v6.pdb,A,370,±2,L,96.19,H,0.4207317073170731,-69.4,-30.2,M,95.19,H,0.2925531914893617,-69.3,-48.3,K,95.44,H,0.4926829268292683,-54.7,-39.1,L,94.88,H,0.5975609756097561,-68.5,-44.4,K,94.25,H,0.4439024390243902,-56.4,-54.5,0.986
P17480,,AF-P17480-F1-model_v6.pdb,A,350,±2,D,93.38,H,0.5398773006134969,-67.7,-35.5,Q,94.94,H,0.4797979797979798,-64.1,-50.2,K,95.06,H,0.3658536585365853,-57.9,-31.6,K,92.94,H,0.3707317073170731,-66.3,-41.8,K,94.06,H,0.6487804878048781,-66.8,-42.4,0.98
P39880,,AF-P39880-F1-model_v6.pdb,A,145,±2,K,94.75,H,0.6487804878048781,-66.7,-34.4,E,95.69,H,0.422680412371134,-67.9,-48.0,K,95.5,H,0.4878048780487805,-61.2,-34.1,I,95.81,H,0.5443786982248521,-63.2,-46.9,R,95.88,H,0.5080645161290323,-62.5,-37.8,0.978
Q9UN79,,AF-Q9UN79-F1-model_v6.pdb,A,211,±2,Q,95.44,H,0.494949494949495,-62.6,-37.3,H,95.44,H,0.7065217391304348,-64.7,-46.0,K,95.69,H,0.6878048780487804,-60.1,-39.4,I,94.19,H,0.4852071005917159,-66.3,-38.9,N,94.12,H,0.5414012738853503,-66.6,-40.8,0.976
O75444,,AF-O75444-F1-model_v6.pdb,A,320,±2,S,98.38,H,0.5153846153846153,-72.1,-45.5,E,98.62,H,0.4639175257731959,-58.7,-47.6,K,98.5,H,0.5951219512195122,-59.4,-36.8,N,98.62,H,0.5031847133757962,-73.6,-37.9,Q,98.75,H,0.5707070707070707,-63.2,-45.9,0.974
Q9Y2D1,,AF-Q9Y2D1-F1-model_v6.pdb,A,213,±2,K,93.38,H,0.6195121951219512,-71.3,-40.6,Q,92.69,H,0.4242424242424242,-65.2,-47.0,K,94.88,H,0.6731707317073171,-55.9,-40.5,K,96.19,H,0.6195121951219512,-65.3,-38.1,R,95.56,H,0.5806451612903226,-65.5,-44.4,0.972
Q99684,,AF-Q99684-F1-model_v6.pdb,A,356,±2,D,95.5,H,0.3680981595092024,-74.8,-39.0,M,96.0,H,0.175531914893617,-57.5,-46.2,K,94.88,H,0.6878048780487804,-64.5,-37.3,K,94.25,H,0.4439024390243902,-67.0,-33.9,H,95.19,H,0.1358695652173913,-68.4,-33.8,0.972
Q9NQL9,,AF-Q9NQL9-F1-model_v6.pdb,A,57,±2,C,98.31,S,0.3185185185185185,-67.8,157.5,E,97.88,H,0.6701030927835051,-47.4,-47.4,K,97.81,H,0.6097560975609756,-61.3,-35.9,C,97.94,H,0.0,-79.7,-35.9,I,97.94,H,0.4852071005917159,-58.7,-46.0,0.972
P04198,,AF-P04198-F1-model_v6.pdb,A,456,±2,L,98.38,H,0.5060975609756098,-67.8,-40.9,L,98.06,H,0.6036585365853658,-60.2,-46.0,K,97.31,H,0.6926829268292682,-58.5,-40.2,K,97.81,H,0.6,-65.2,-41.6,I,97.69,H,0.4970414201183432,-66.2,-41.9,0.97
Q00059,,AF-Q00059-F1-model_v6.pdb,A,145,±2,M,98.0,H,0.5797872340425532,-65.7,-38.1,T,98.0,H,0.6056338028169014,-62.4,-51.0,K,97.25,H,0.5365853658536586,-59.6,-38.0,K,98.06,H,0.6341463414634146,-68.4,-36.2,K,97.62,H,0.7414634146341463,-66.3,-47.7,0.97
A0A1W2PQL4,,AF-A0A1W2PQL4-F1-model_v6.pdb,A,316,±2,D,93.62,H,0.2760736196319018,-61.3,-37.1,H,94.75,H,0.0978260869565217,-67.4,-41.9,K,94.25,H,0.4,-57.5,-29.7,R,95.0,H,0.2298387096774193,-64.7,-17.7,I,93.81,H,0.591715976331361,-67.0,-38.3,0.968
Q9Y6X8,,AF-Q9Y6X8-F1-model_v6.pdb,A,484,±2,E,94.81,H,0.3041237113402061,-70.6,-38.5,I,96.19,H,0.0,-65.1,-55.9,K,95.5,H,0.4,-59.4,-36.3,K,95.38,H,0.7902439024390244,-65.0,-43.7,W,95.62,H,0.1233480176211453,-61.6,-44.4,0.968
Q9GZZ0,,AF-Q9GZZ0-F1-model_v6.pdb,A,285,±2,K,97.69,H,0.6536585365853659,-64.2,-39.8,Q,97.25,H,0.2777777777777778,-62.3,-51.5,K,97.12,H,0.4682926829268293,-58.1,-38.2,K,96.25,H,0.6195121951219512,-63.5,-48.1,R,93.75,H,0.6129032258064516,-62.0,-38.5,0.968
Q9BZI1,,AF-Q9BZI1-F1-model_v6.pdb,A,147,±2,G,97.94,H,0.5476190476190477,-67.2,-49.9,E,98.25,H,0.2268041237113402,-63.0,-39.2,K,98.19,H,0.2926829268292683,-59.7,-35.2,I,98.0,H,0.4911242603550296,-72.9,-47.5,M,98.12,H,0.6276595744680851,-57.3,-48.4,0.966
Q99941,,AF-Q99941-F1-model_v6.pdb,A,334,±2,M,97.12,H,0.5212765957446809,-63.2,-41.2,I,95.56,H,0.514792899408284,-65.3,-50.3,K,98.0,H,0.624390243902439,-60.9,-39.4,N,97.69,H,0.6878980891719745,-66.1,-44.8,R,98.25,H,0.7741935483870968,-56.7,-48.4,0.966
Q9UKY1,,AF-Q9UKY1-F1-model_v6.pdb,A,509,±2,E,95.31,H,0.3350515463917525,-65.3,-31.0,I,96.25,H,0.0,-71.7,-54.6,K,96.31,H,0.4439024390243902,-57.5,-37.2,K,94.5,H,0.6,-63.7,-53.7,W,95.62,H,0.1365638766519823,-58.1,-40.6,0.966
P78411,,AF-P78411-F1-model_v6.pdb,A,146,±2,G,98.12,H,0.5357142857142857,-67.9,-51.1,E,98.38,H,0.2164948453608247,-62.7,-39.5,K,98.31,H,0.2682926829268293,-59.7,-33.3,I,98.19,H,0.4615384615384615,-75.1,-46.8,M,98.31,H,0.6276595744680851,-57.7,-48.5,0.966
P15407,,AF-P15407-F1-model_v6.pdb,A,156,±2,L,98.69,H,0.5670731707317073,-65.1,-39.1,Q,98.44,H,0.4494949494949495,-62.8,-44.2,K,98.5,H,0.6585365853658537,-61.8,-40.3,Q,98.38,H,0.4494949494949495,-65.4,-41.8,K,98.12,H,0.5853658536585366,-59.0,-52.5,0.966
P17676,,AF-P17676-F1-model_v6.pdb,A,315,±2,L,98.62,H,0.4939024390243902,-67.2,-42.6,Q,98.5,H,0.5252525252525253,-56.5,-49.4,K,98.38,H,0.6390243902439025,-57.7,-39.6,K,98.31,H,0.4341463414634146,-68.0,-41.1,V,98.5,H,0.6338028169014085,-63.0,-45.0,0.966
P51504,,AF-P51504-F1-model_v6.pdb,A,181,±2,H,95.06,H,0.0760869565217391,-68.2,-38.1,M,94.69,H,0.3031914893617021,-56.4,-24.4,K,94.06,H,0.4097560975609756,-61.6,-20.2,I,93.19,H,0.6094674556213018,-71.0,-37.9,H,94.69,H,0.3152173913043478,-73.4,-41.0,0.966
P78415,,AF-P78415-F1-model_v6.pdb,A,160,±2,G,98.0,H,0.5714285714285714,-69.6,-49.5,E,98.31,H,0.2268041237113402,-63.6,-40.7,K,98.19,H,0.248780487804878,-59.2,-35.2,I,97.94,H,0.4733727810650887,-72.5,-46.3,M,98.19,H,0.6276595744680851,-58.4,-47.7,0.966
P49639,,AF-P49639-F1-model_v6.pdb,A,285,±2,K,97.44,H,0.6195121951219512,-64.3,-38.0,Q,97.31,H,0.2424242424242424,-63.2,-55.4,K,97.06,H,0.5951219512195122,-56.4,-35.9,K,95.69,H,0.6292682926829268,-62.3,-51.6,R,93.75,H,0.4677419354838709,-63.9,-37.4,0.964
P32242,,AF-P32242-F1-model_v6.pdb,A,92,±2,R,98.0,H,0.2338709677419354,-61.2,-40.0,A,97.56,H,0.2547169811320754,-63.4,-47.3,K,96.69,H,0.6097560975609756,-59.4,-40.7,C,94.44,H,0.2518518518518518,-60.5,-46.2,R,95.5,H,0.5362903225806451,-64.5,-41.0,0.964
Q9ULJ6,,AF-Q9ULJ6-F1-model_v6.pdb,A,19,±2,C,96.0,H,0.3185185185185185,-69.3,-47.2,I,96.88,H,0.0473372781065088,-55.7,-44.9,K,97.25,H,0.2731707317073171,-57.3,-32.3,Q,95.75,H,0.6363636363636364,-73.6,-43.9,H,95.12,H,0.4239130434782608,-63.4,-35.4,0.964
Q06416,,AF-Q06416-F1-model_v6.pdb,A,195,±2,S,96.44,-,0.5076923076923077,-59.6,148.5,F,95.81,H,0.3857868020304568,-50.3,-43.1,K,95.38,H,0.7121951219512195,-60.0,-38.6,N,96.44,H,0.4777070063694267,-74.4,-38.1,M,97.44,H,0.0319148936170212,-57.9,-50.4,0.964
Q9H3D4,,AF-Q9H3D4-F1-model_v6.pdb,A,416,±2,L,96.38,H,0.4329268292682927,-64.4,-37.8,L,95.31,H,0.3597560975609756,-62.3,-46.5,K,95.62,H,0.6487804878048781,-58.6,-40.8,I,95.94,H,0.5088757396449705,-65.1,-49.3,K,94.0,H,0.5073170731707317,-56.0,-51.5,0.964
Q05925,,AF-Q05925-F1-model_v6.pdb,A,348,±2,Q,95.25,H,0.1868686868686868,-68.2,-43.3,I,96.0,H,0.0,-62.4,-47.9,K,96.44,H,0.5756097560975609,-57.4,-39.4,I,95.81,H,0.4852071005917159,-71.6,-41.8,W,96.69,H,0.13215859030837,-60.5,-47.0,0.964
A0A1W2PQL4,,AF-A0A1W2PQL4-F1-model_v6.pdb,A,288,±2,N,93.31,H,0.3439490445859872,-66.5,-33.6,H,94.88,H,0.1032608695652173,-67.8,-42.5,K,93.38,H,0.3170731707317073,-56.3,-28.1,R,94.25,H,0.1774193548387097,-64.3,-17.5,I,93.56,H,0.7159763313609467,-69.8,-38.3,0.964
A6NHT5,,AF-A6NHT5-F1-model_v6.pdb,A,283,±2,K,97.81,H,0.5365853658536586,-69.1,-52.6,W,97.62,H,0.3524229074889868,-55.2,-46.1,K,97.38,H,0.6585365853658537,-60.3,-34.3,R,96.5,H,0.6129032258064516,-74.8,-32.2,Q,95.06,H,0.3939393939393939,-64.6,-51.7,0.962
Q70SY1,,AF-Q70SY1-F1-model_v6.pdb,A,324,±2,L,98.56,H,0.4451219512195122,-74.3,-45.8,E,98.5,H,0.5927835051546392,-54.5,-50.2,K,98.44,H,0.7707317073170732,-59.2,-37.1,K,98.44,H,0.7024390243902439,-69.3,-40.9,V,98.5,H,0.6549295774647887,-63.3,-44.2,0.962
O60284,,AF-O60284-F1-model_v6.pdb,A,962,±2,N,98.44,H,0.5732484076433121,-72.0,-42.3,L,98.5,H,0.5121951219512195,-59.9,-44.8,K,98.31,H,0.551219512195122,-58.1,-40.7,T,98.31,H,0.4647887323943662,-62.5,-44.5,I,98.31,H,0.3905325443786982,-66.2,-34.4,0.962
O00716,,AF-O00716-F1-model_v6.pdb,A,271,±2,E,97.88,H,0.3865979381443299,-70.6,-40.1,E,98.19,H,0.6391752577319587,-53.0,-50.8,K,97.88,H,0.6097560975609756,-60.9,-39.6,K,98.25,H,0.4878048780487805,-67.6,-40.4,L,98.06,H,0.5182926829268293,-65.2,-40.1,0.962
P40763,,AF-P40763-F1-model_v6.pdb,A,244,±2,D,93.88,H,0.4785276073619632,-62.6,-40.8,W,95.94,H,0.0088105726872246,-63.1,-45.4,K,96.56,H,0.4390243902439024,-58.5,-40.5,R,95.69,H,0.2943548387096774,-66.0,-43.9,R,94.19,H,0.3104838709677419,-61.3,-38.2,0.962
Q9UH92,,AF-Q9UH92-F1-model_v6.pdb,A,179,±2,L,97.75,H,0.4817073170731707,-62.2,-43.4,Q,97.0,H,0.4848484848484848,-62.6,-49.1,K,96.38,H,0.2195121951219512,-58.3,-37.8,T,97.88,H,0.1267605633802817,-63.6,-44.3,I,98.25,H,0.4792899408284023,-60.5,-48.3,0.96
Q9UDV6,,AF-Q9UDV6-F1-model_v6.pdb,A,53,±2,V,96.12,H,0.704225352112676,-67.9,-42.7,E,96.38,H,0.5051546391752577,-58.6,-51.2,K,96.31,H,0.7024390243902439,-58.1,-35.4,K,96.25,H,0.5707317073170731,-67.8,-41.8,M,97.69,H,0.648936170212766,-64.0,-45.2,0.96
P10276,,AF-P10276-F1-model_v6.pdb,A,380,±2,L,97.25,H,0.1402439024390244,-60.2,-39.0,M,97.19,H,0.5531914893617021,-65.4,-19.4,K,97.62,H,0.1414634146341463,-66.7,-20.6,I,97.19,H,0.1420118343195266,-62.3,-40.0,T,96.31,H,0.5915492957746479,-60.6,-44.8,0.96
O14529,,AF-O14529-F1-model_v6.pdb,A,248,±2,L,94.75,H,0.6158536585365854,-61.5,-43.9,E,96.31,H,0.6288659793814433,-64.5,-42.3,K,96.75,H,0.5756097560975609,-65.6,-21.4,A,94.12,H,0.320754716981132,-79.8,-43.6,N,94.62,H,0.5477707006369427,-61.5,-46.3,0.96
Q96KC8,,AF-Q96KC8-F1-model_v6.pdb,A,548,±2,V,94.88,H,0.7394366197183099,-68.6,-39.9,Q,94.94,H,0.5656565656565656,-63.6,-48.8,K,94.06,H,0.5609756097560976,-60.5,-39.9,K,94.25,H,0.7317073170731707,-70.2,-22.4,K,94.31,H,0.7463414634146341,-78.3,-45.5,0.96
P15172,,AF-P15172-F1-model_v6.pdb,A,124,±2,L,98.19,H,0.4146341463414634,-66.6,-33.1,S,98.31,H,0.4,-58.6,-50.1,K,98.31,H,0.6878048780487804,-59.7,-40.7,V,98.38,H,0.352112676056338,-63.0,-43.8,N,97.88,H,0.4394904458598726,-65.8,-38.9,0.96
Q16649,,AF-Q16649-F1-model_v6.pdb,A,79,±2,W,95.94,H,0.5903083700440529,-64.8,-39.5,E,97.69,H,0.3041237113402061,-58.9,-48.4,K,96.75,H,0.7707317073170732,-63.2,-40.3,R,97.5,H,0.3790322580645161,-62.5,-43.7,R,98.25,H,0.5483870967741935,-64.1,-50.1,0.96
Q9UKL0,,AF-Q9UKL0-F1-model_v6.pdb,A,349,±2,S,98.12,H,0.1384615384615384,-62.2,-50.0,V,97.5,H,0.4295774647887324,-65.2,-40.8,K,98.25,H,0.5853658536585366,-58.3,-40.5,R,97.94,H,0.5604838709677419,-67.2,-40.8,Q,97.38,H,0.3787878787878788,-61.7,-44.2,0.96
Q10586,,AF-Q10586-F1-model_v6.pdb,A,264,±2,R,96.81,H,0.3951612903225806,-63.1,-44.4,Y,97.94,H,0.7027027027027027,-59.3,-52.1,K,98.25,H,0.7268292682926829,-57.1,-40.2,N,97.62,H,0.6178343949044586,-70.0,-38.5,N,98.25,H,0.4585987261146497,-61.6,-46.7,0.96
Q00059,,AF-Q00059-F1-model_v6.pdb,A,96,±2,S,97.19,H,0.676923076923077,-59.2,-37.3,K,97.06,H,0.5756097560975609,-80.0,-37.9,K,97.5,H,0.1414634146341463,-58.5,-37.8,K,97.38,H,0.5707317073170731,-58.3,-40.0,I,97.62,H,0.6153846153846154,-53.8,-47.5,0.958
Q15361,,AF-Q15361-F1-model_v6.pdb,A,583,±2,N,93.56,H,0.643312101910828,-66.9,-40.4,L,94.94,H,0.1951219512195122,-63.9,-43.3,K,94.62,H,0.1170731707317073,-56.2,-37.9,R,93.19,H,0.6451612903225806,-72.2,-53.3,R,94.25,H,0.75,-60.1,-37.4,0.958
Q96T68,,AF-Q96T68-F1-model_v6.pdb,A,38,±2,K,92.44,H,0.6390243902439025,-59.8,-41.1,Q,94.06,H,0.5202020202020202,-66.7,-51.7,K,94.5,H,0.3268292682926829,-56.0,-33.5,I,93.62,H,0.3431952662721893,-73.2,-37.1,K,93.5,H,0.7707317073170732,-71.9,-38.9,0.958
Q03060,,AF-Q03060-F1-model_v6.pdb,A,295,±2,L,98.12,H,0.5792682926829268,-65.4,-39.3,M,97.94,H,0.5904255319148937,-62.2,-49.2,K,98.62,H,0.6195121951219512,-62.4,-39.1,N,98.5,H,0.7133757961783439,-66.1,-38.0,R,98.5,H,0.7016129032258065,-59.4,-46.3,0.958
P25208,,AF-P25208-F1-model_v6.pdb,A,140,±2,L,96.38,H,0.1524390243902439,-61.7,-39.1,Q,96.56,H,0.5252525252525253,-61.6,-53.2,K,96.25,H,0.5463414634146342,-59.0,-40.5,F,95.19,H,0.4974619289340101,-60.2,-44.6,R,94.5,H,0.4435483870967742,-65.5,-37.6,0.958
P49716,,AF-P49716-F1-model_v6.pdb,A,232,±2,N,98.5,H,0.5477707006369427,-61.3,-47.4,E,98.56,H,0.6494845360824743,-58.5,-45.5,K,98.62,H,0.7414634146341463,-59.9,-41.0,L,98.69,H,0.6158536585365854,-66.5,-42.5,H,98.5,H,0.5652173913043478,-58.0,-47.7,0.958
Q92922,,AF-Q92922-F1-model_v6.pdb,A,905,±2,Q,94.06,H,0.404040404040404,-70.5,-37.4,M,93.38,H,0.6063829787234043,-60.4,-51.5,K,95.38,H,0.5317073170731708,-57.5,-32.2,K,93.62,H,0.526829268292683,-74.8,-23.3,L,94.69,H,0.6646341463414634,-83.1,-46.9,0.958
P13631,,AF-P13631-F1-model_v6.pdb,A,382,±2,L,97.5,H,0.2621951219512195,-61.6,-38.7,M,97.19,H,0.7021276595744681,-63.5,-23.6,K,97.5,H,0.1658536585365853,-67.0,-20.2,I,96.94,H,0.1479289940828402,-61.6,-40.1,T,95.56,H,0.4647887323943662,-60.8,-46.3,0.958
